{"cameraMode":{"drawMode":0,"name":"Shaded","section":"Shading Mode"},"sceneLighting":false,"audioPlay":false,"sceneViewState":{"m_AlwaysRefresh":false,"showFog":false,"showSkybox":false,"showFlares":false,"showImageEffects":false,"showParticleSystems":false,"showVisualEffectGraphs":false,"m_FxEnabled":true},"in2DMode":false,"pivot":{"x":-0.8840847015380859,"y":-0.16565656661987306,"z":0.07816386222839356},"rotation":{"x":0.023898081853985788,"y":-0.9754188656806946,"z":0.17297004163265229,"w":0.13456016778945924},"size":1.266898274421692,"orthographic":false}