{"cameraMode":{"drawMode":0,"name":"Shaded","section":"Shading Mode"},"sceneLighting":false,"audioPlay":false,"sceneViewState":{"m_AlwaysRefresh":false,"showFog":false,"showSkybox":false,"showFlares":false,"showImageEffects":false,"showParticleSystems":false,"showVisualEffectGraphs":false,"m_FxEnabled":true},"in2DMode":false,"pivot":{"x":0.0000016689300537109376,"y":0.14999976754188538,"z":7.152557373046875e-7},"rotation":{"x":0.09912952780723572,"y":0.824661910533905,"z":-0.15261538326740266,"w":0.5355857610702515},"size":1.4150989055633546,"orthographic":false}