{"cameraMode":{"drawMode":0,"name":"Shaded","section":"Shading Mode"},"sceneLighting":false,"audioPlay":false,"sceneViewState":{"m_AlwaysRefresh":false,"showFog":false,"showSkybox":false,"showFlares":false,"showImageEffects":false,"showParticleSystems":false,"showVisualEffectGraphs":false,"m_FxEnabled":true},"in2DMode":false,"pivot":{"x":-0.0015553534030914307,"y":0.07846391201019287,"z":0.713031530380249},"rotation":{"x":-0.16303572058677674,"y":-0.6488359570503235,"z":0.14494776725769044,"w":-0.7291221618652344},"size":1.6772812604904175,"orthographic":false}