{"cameraMode":{"drawMode":0,"name":"Shaded","section":"Shading Mode"},"sceneLighting":false,"audioPlay":false,"sceneViewState":{"m_AlwaysRefresh":false,"showFog":false,"showSkybox":false,"showFlares":false,"showImageEffects":false,"showParticleSystems":false,"showVisualEffectGraphs":false,"m_FxEnabled":true},"in2DMode":false,"pivot":{"x":-0.0002205371856689453,"y":0.9934835433959961,"z":-0.4217607378959656},"rotation":{"x":-0.00422397255897522,"y":0.882777750492096,"z":-0.4697299301624298,"w":-0.00794848334044218},"size":2.7754416465759279,"orthographic":false}