{"cameraMode":{"drawMode":0,"name":"Shaded","section":"Shading Mode"},"sceneLighting":false,"audioPlay":false,"sceneViewState":{"m_AlwaysRefresh":false,"showFog":false,"showSkybox":false,"showFlares":false,"showImageEffects":false,"showParticleSystems":false,"showVisualEffectGraphs":false,"m_FxEnabled":true},"in2DMode":false,"pivot":{"x":-0.03822201490402222,"y":0.026579752564430238,"z":0.3035391569137573},"rotation":{"x":-0.06156617030501366,"y":-0.5905565619468689,"z":0.045299530029296878,"w":-0.8033885359764099},"size":0.47140544652938845,"orthographic":false}