{"cameraMode":{"drawMode":0,"name":"Shaded","section":"Shading Mode"},"sceneLighting":false,"audioPlay":false,"sceneViewState":{"m_AlwaysRefresh":false,"showFog":false,"showSkybox":false,"showFlares":false,"showImageEffects":false,"showParticleSystems":false,"showVisualEffectGraphs":false,"m_FxEnabled":true},"in2DMode":false,"pivot":{"x":-0.000004291534423828125,"y":0.14999979734420777,"z":-2.980232238769531e-7},"rotation":{"x":0.41973742842674258,"y":0.22626115381717683,"z":-0.10886632651090622,"w":0.872255265712738},"size":3.162675142288208,"orthographic":false}