{"cameraMode":{"drawMode":0,"name":"Shaded","section":"Shading Mode"},"sceneLighting":false,"audioPlay":false,"sceneViewState":{"m_AlwaysRefresh":false,"showFog":false,"showSkybox":false,"showFlares":false,"showImageEffects":false,"showParticleSystems":false,"showVisualEffectGraphs":false,"m_FxEnabled":true},"in2DMode":false,"pivot":{"x":7.699999809265137,"y":-0.0000010579824447631836,"z":20.80000114440918},"rotation":{"x":-0.1757611334323883,"y":0.6628921627998352,"z":-0.16433143615722657,"w":-0.7090098857879639},"size":9.19240951538086,"orthographic":false}