{"cameraMode":{"drawMode":0,"name":"Shaded","section":"Shading Mode"},"sceneLighting":false,"audioPlay":false,"sceneViewState":{"m_AlwaysRefresh":false,"showFog":false,"showSkybox":false,"showFlares":false,"showImageEffects":false,"showParticleSystems":false,"showVisualEffectGraphs":false,"m_FxEnabled":true},"in2DMode":false,"pivot":{"x":-0.18237656354904176,"y":0.1363745629787445,"z":-1.1802234649658204},"rotation":{"x":-0.054212067276239398,"y":0.6556493043899536,"z":-0.047287553548812869,"w":-0.7516376972198486},"size":1.266898274421692,"orthographic":false}