{"cameraMode":{"drawMode":0,"name":"Shaded","section":"Shading Mode"},"sceneLighting":false,"audioPlay":false,"sceneViewState":{"m_AlwaysRefresh":false,"showFog":false,"showSkybox":false,"showFlares":false,"showImageEffects":false,"showParticleSystems":false,"showVisualEffectGraphs":false,"m_FxEnabled":true},"in2DMode":false,"pivot":{"x":0.003969909623265266,"y":0.014834664762020111,"z":0.09762577712535858},"rotation":{"x":-0.1176910549402237,"y":-0.6061081290245056,"z":0.09114628285169602,"w":-0.7814561128616333},"size":0.20500564575195313,"orthographic":false}