{"cameraMode":{"drawMode":0,"name":"Shaded","section":"Shading Mode"},"sceneLighting":false,"audioPlay":false,"sceneViewState":{"m_AlwaysRefresh":false,"showFog":false,"showSkybox":false,"showFlares":false,"showImageEffects":false,"showParticleSystems":false,"showVisualEffectGraphs":false,"m_FxEnabled":true},"in2DMode":false,"pivot":{"x":8.600000381469727,"y":-0.0000010589837984298356,"z":23.200000762939454},"rotation":{"x":-0.1757611334323883,"y":0.6628921627998352,"z":-0.16433143615722657,"w":-0.7090098857879639},"size":9.192388534545899,"orthographic":false}